-- phpMyAdmin SQL Dump
-- version 4.8.4
-- https://www.phpmyadmin.net/
--
-- Host: 127.0.0.1
-- Waktu pembuatan: 28 Nov 2020 pada 02.32
-- Versi server: 10.1.37-MariaDB
-- Versi PHP: 7.3.1

SET SQL_MODE = "NO_AUTO_VALUE_ON_ZERO";
SET AUTOCOMMIT = 0;
START TRANSACTION;
SET time_zone = "+00:00";


/*!40101 SET @OLD_CHARACTER_SET_CLIENT=@@CHARACTER_SET_CLIENT */;
/*!40101 SET @OLD_CHARACTER_SET_RESULTS=@@CHARACTER_SET_RESULTS */;
/*!40101 SET @OLD_COLLATION_CONNECTION=@@COLLATION_CONNECTION */;
/*!40101 SET NAMES utf8mb4 */;

--
-- Database: `dummy`
--

-- --------------------------------------------------------

--
-- Struktur dari tabel `ci_sessions`
--

CREATE TABLE `ci_sessions` (
  `session_id` varchar(40) NOT NULL DEFAULT '0',
  `ip_address` varchar(45) NOT NULL DEFAULT '0',
  `user_agent` varchar(120) NOT NULL,
  `last_activity` int(10) UNSIGNED NOT NULL DEFAULT '0',
  `user_data` text NOT NULL
) ENGINE=InnoDB DEFAULT CHARSET=latin1;

--
-- Dumping data untuk tabel `ci_sessions`
--

INSERT INTO `ci_sessions` (`session_id`, `ip_address`, `user_agent`, `last_activity`, `user_data`) VALUES
('682727f02aa7280d6200b22909a343a4', '::1', 'Mozilla/5.0 (Windows NT 10.0; Win64; x64) AppleWebKit/537.36 (KHTML, like Gecko) Chrome/87.0.4280.66 Safari/537.36', 1606492909, 'a:7:{s:9:\"user_data\";s:0:\"\";s:5:\"masuk\";b:1;s:4:\"user\";s:14:\"admin@admin.id\";s:5:\"akses\";s:1:\"1\";s:7:\"idadmin\";s:1:\"1\";s:4:\"nama\";s:5:\"admin\";s:5:\"nofak\";s:12:\"271120000009\";}'),
('69f4b6b99912aa752854e88b424cfe9d', '::1', 'Mozilla/5.0 (Windows NT 6.2; WOW64) AppleWebKit/537.36 (KHTML, like Gecko) Chrome/57.0.2987.98 Safari/537.36', 1606493055, 'a:7:{s:9:\"user_data\";s:0:\"\";s:5:\"masuk\";b:1;s:4:\"user\";s:14:\"admin@admin.id\";s:5:\"akses\";s:1:\"1\";s:7:\"idadmin\";s:1:\"1\";s:4:\"nama\";s:5:\"admin\";s:5:\"nofak\";s:12:\"271120000013\";}'),
('6e9e117aa4b9221366e0102c45c66961', '::1', 'Mozilla/5.0 (Windows NT 10.0; Win64; x64) AppleWebKit/537.36 (KHTML, like Gecko) Chrome/87.0.4280.66 Safari/537.36', 1606490473, 'a:7:{s:9:\"user_data\";s:0:\"\";s:5:\"masuk\";b:1;s:4:\"user\";s:14:\"admin@admin.id\";s:5:\"akses\";s:1:\"1\";s:7:\"idadmin\";s:1:\"1\";s:4:\"nama\";s:5:\"admin\";s:5:\"nofak\";s:12:\"271120000005\";}'),
('7ee5d4a80255aaaefcc960ac198a74af', '::1', 'Mozilla/5.0 (Windows NT 10.0; Win64; x64) AppleWebKit/537.36 (KHTML, like Gecko) Chrome/87.0.4280.66 Safari/537.36', 1606527097, ''),
('b096878f717c3a92316c97fc53036826', '::1', 'Mozilla/5.0 (Windows NT 10.0; Win64; x64) AppleWebKit/537.36 (KHTML, like Gecko) Chrome/86.0.4240.183 Safari/537.36 OPR/', 1606490933, 'a:6:{s:9:\"user_data\";s:0:\"\";s:5:\"masuk\";b:1;s:4:\"user\";s:14:\"admin@admin.id\";s:5:\"akses\";s:1:\"1\";s:7:\"idadmin\";s:1:\"1\";s:4:\"nama\";s:5:\"admin\";}'),
('c63725c1adf8249e0c359140d0e9d4fe', '127.0.0.1', 'Mozilla/5.0 (Windows NT 6.2; WOW64) AppleWebKit/537.36 (KHTML, like Gecko) Chrome/57.0.2987.98 Safari/537.36', 1606493044, '');

-- --------------------------------------------------------

--
-- Struktur dari tabel `tbl_barang`
--

CREATE TABLE `tbl_barang` (
  `barang_id` varchar(15) NOT NULL,
  `barang_kbarcode` varchar(30) NOT NULL,
  `barang_nama` varchar(150) DEFAULT NULL,
  `barang_satuan` varchar(30) DEFAULT NULL,
  `barang_harpok` double DEFAULT NULL,
  `barang_harjul` double DEFAULT NULL,
  `barang_harjul_grosir` double DEFAULT NULL,
  `barang_stok` int(11) DEFAULT '0',
  `barang_min_stok` int(11) DEFAULT '0',
  `barang_tgl_input` timestamp NULL DEFAULT CURRENT_TIMESTAMP,
  `barang_tgl_last_update` datetime DEFAULT NULL,
  `barang_kategori_id` int(11) DEFAULT NULL,
  `barang_user_id` int(11) DEFAULT NULL
) ENGINE=InnoDB DEFAULT CHARSET=latin1;

--
-- Dumping data untuk tabel `tbl_barang`
--

INSERT INTO `tbl_barang` (`barang_id`, `barang_kbarcode`, `barang_nama`, `barang_satuan`, `barang_harpok`, `barang_harjul`, `barang_harjul_grosir`, `barang_stok`, `barang_min_stok`, `barang_tgl_input`, `barang_tgl_last_update`, `barang_kategori_id`, `barang_user_id`) VALUES
('BR000002', '12345', 'GG Sriwedari ', 'Bks', 10650, 12000, 10800, 39, 1, '2020-11-02 22:50:06', '2020-11-06 08:55:50', 45, 1),
('BR000003', '', 'GG Djaya', 'Bks', 2085, 2250, 10800, -31, 1, '2020-11-02 22:51:07', '2020-11-06 09:52:55', 45, 1),
('BR000004', '', 'GG Merah', 'Bks', 12000, 13000, 12300, 0, 1, '2020-11-02 22:51:54', '2020-11-05 20:31:58', 45, 1),
('BR000005', '', 'GG Filter', 'Bks', 16650, 18000, 17000, 43, 1, '2020-11-02 22:52:28', '2020-11-05 20:32:29', 45, 1),
('BR000006', '', 'GG Surya 12', 'Bks', 16300, 17500, 16500, 5, 1, '2020-11-02 22:53:04', '2020-11-05 20:32:54', 45, 1),
('BR000007', '', 'GG Surya 16', 'Bks', 22100, 24000, 22500, 11, 1, '2020-11-02 22:55:10', '2020-11-05 20:33:09', 45, 1),
('BR000008', '', 'GG Surya Pro Mild', 'Bks', 18600, 19500, 18900, 23, 1, '2020-11-02 22:56:17', '2020-11-05 20:33:23', 45, 1),
('BR000009', '', 'GG Surya Pro Internasional', 'Bks', 18600, 19500, 18900, 23, 1, '2020-11-02 22:57:22', '2020-11-05 20:33:39', 45, 1),
('BR000010', '', 'Djarum Super', 'Bks', 16600, 18000, 17000, 37, 1, '2020-11-02 22:58:00', '2020-11-05 20:33:54', 45, 1),
('BR000011', '', 'L.A Merah', 'Bks', 20900, 22000, 21500, 6, 1, '2020-11-02 22:58:52', '2020-11-05 20:34:04', 45, 1),
('BR000012', '', 'L.A Bold 16', 'Bks', 23300, 24500, 23500, 7, 1, '2020-11-02 22:59:39', '2020-11-05 20:34:15', 45, 1),
('BR000013', '', 'Viper', 'Bks', 13600, 14500, 13600, 5, 1, '2020-11-02 23:02:24', '2020-11-05 20:34:34', 45, 1),
('BR000014', '', 'Sampurna Kretek', 'Bks', 11470, 13000, 12000, 14, 1, '2020-11-02 23:03:21', '2020-11-05 20:34:46', 45, 1),
('BR000015', '', 'Sampurna A Mild 16', 'Bks', 22150, 24000, 22500, 42, 1, '2020-11-02 23:04:14', '2020-11-05 20:35:00', 45, 1),
('BR000016', '', 'U  Mild 16', 'Bks', 20350, 22000, 20800, 31, 1, '2020-11-02 23:05:34', NULL, 45, 1),
('BR000017', '', 'Samsu 12', 'Bks', 15900, 17000, 16200, 17, 1, '2020-11-02 23:06:52', '2020-11-05 20:35:18', 45, 1),
('BR000018', '', 'Samsu Refil', 'Bks', 19300, 21000, 19800, 10, 1, '2020-11-02 23:07:25', NULL, 45, 1),
('BR000019', '', 'Evolusion Merah', 'Bks', 27600, 28500, 28000, 9, 1, '2020-11-02 23:08:06', NULL, 45, 1),
('BR000020', '', 'Magnum Filter', 'Bks', 16265, 18000, 16500, 0, 1, '2020-11-02 23:08:45', '2020-11-05 20:35:45', 45, 1),
('BR000021', '', 'Magnum Mild', 'Bks', 18450, 20000, 19000, 8, 1, '2020-11-02 23:09:35', '2020-11-05 20:35:54', 45, 1),
('BR000022', '', 'Malboro Merah', 'Bks', 27750, 29000, 28000, 6, 1, '2020-11-02 23:10:26', NULL, 45, 1),
('BR000023', '', 'Malboro Black 16', 'Bks', 20850, 22000, 21000, 9, 1, '2020-11-02 23:11:08', NULL, 45, 1),
('BR000024', '', 'Dunhil Putih 20', 'Bks', 27500, 29000, 28000, 10, 1, '2020-11-02 23:11:51', NULL, 45, 1),
('BR000025', '', 'Dunhil Hitam 16', 'Bks', 21600, 23000, 21900, 4, 1, '2020-11-02 23:13:39', NULL, 45, 1),
('BR000026', '', 'Scorpio', 'Bks', 16300, 17000, 16500, 10, 1, '2020-11-02 23:14:34', NULL, 45, 1),
('BR000027', '', 'Menara Kuning', 'Bks', 6300, 6500, 6500, 0, 1, '2020-11-02 23:15:13', '2020-11-05 20:36:51', 45, 1),
('BR000028', '', 'Layar Tanceb', 'Bks', 4600, 5000, 4750, 15, 1, '2020-11-02 23:15:59', '2020-11-05 20:37:04', 45, 1),
('BR000029', '', 'Prahu Layar', 'Bks', 4925, 5000, 5000, 11, 1, '2020-11-02 23:16:27', '2020-11-05 20:37:16', 45, 1),
('BR000030', '', 'VIT 1500 ML Besar', 'Botol', 2650, 4000, 3500, 86, 1, '2020-11-02 23:20:49', '2020-11-05 20:38:17', 47, 1),
('BR000031', '', 'VIT 600 ML Tanggung', 'Botol', 1363, 2500, 1500, 145, 1, '2020-11-02 23:21:42', '2020-11-05 20:38:57', 47, 1),
('BR000032', '', 'Aqua 1500 ML Besar', 'Botol', 4333, 5000, 4500, 103, 1, '2020-11-02 23:23:19', '2020-11-05 20:40:17', 47, 1),
('BR000033', '', 'Aqua 600 ML Sedang', 'Botol', 1860, 2500, 2000, 147, 1, '2020-11-02 23:24:00', '2020-11-05 20:39:42', 47, 1),
('BR000034', '', 'VIT 200 ML Kecil', 'Botol', 770, 1500, 850, 132, 1, '2020-11-02 23:24:56', '2020-11-05 20:40:35', 47, 1),
('BR000035', '', 'Agro Gelas', 'Unit', 270, 500, 292, 874, 1, '2020-11-02 23:26:23', '2020-11-05 20:44:21', 47, 1),
('BR000036', '', 'Guci Gelas', 'Unit', 270, 500, 282, 528, 1, '2020-11-02 23:27:37', '2020-11-05 20:45:17', 47, 1),
('BR000037', '', 'Zam 600 ML Sedang', 'Botol', 1166, 2000, 1500, 74, 1, '2020-11-02 23:28:42', '2020-11-05 20:45:42', 47, 1),
('BR000038', '', 'Lee Mineral 600 ML Sedang', 'Botol', 1666, 2500, 1750, 1, 1, '2020-11-02 23:29:31', '2020-11-05 20:46:14', 47, 1),
('BR000039', '', 'Chinchou', 'Unit', 760, 1000, 813, 480, 1, '2020-11-02 23:31:15', '2020-11-05 20:49:03', 47, 1),
('BR000040', '', 'Teler', 'Unit', 771, 1000, 813, 360, 1, '2020-11-02 23:32:48', '2020-11-05 20:50:06', 47, 1),
('BR000041', '', 'Ale - Ale Jambu', 'Unit', 729, 1000, 771, 120, 1, '2020-11-02 23:34:06', '2020-11-05 20:51:21', 47, 1),
('BR000042', '', 'Teh Zegar', 'Unit', 750, 1000, 792, 0, 1, '2020-11-02 23:34:40', '2020-11-05 20:55:16', 47, 1),
('BR000043', '', 'Teh Gelas', 'Unit', 750, 1000, 792, 46, 1, '2020-11-02 23:35:17', '2020-11-05 20:55:52', 47, 1),
('BR000044', '', 'Juice Oren', 'Unit', 625, 1000, 667, 264, 1, '2020-11-02 23:35:49', '2020-11-05 20:57:13', 47, 1),
('BR000045', '', 'Moun Tea', 'Unit', 750, 1000, 792, 90, 1, '2020-11-02 23:36:22', '2020-11-05 20:58:13', 47, 1),
('BR000046', '', 'Okky Jambu Kecil', 'Unit', 750, 1000, 792, 24, 1, '2020-11-02 23:37:59', '2020-11-05 20:58:40', 47, 1),
('BR000047', '', 'Okky Jambu Besar', 'Unit', 1330, 2000, 1375, 144, 1, '2020-11-02 23:39:11', '2020-11-05 21:01:03', 47, 1),
('BR000048', '', 'Okky Strawbery Besar', 'Unit', 1330, 2000, 1350, 72, 1, '2020-11-02 23:40:12', '2020-11-05 21:01:50', 47, 1),
('BR000049', '', 'Okky Blackkareth Besar', 'Unit', 1330, 2000, 1350, 168, 1, '2020-11-02 23:43:54', '2020-11-05 21:02:23', 47, 1),
('BR000050', '', 'Teh Rio', 'Unit', 750, 1000, 792, 24, 1, '2020-11-02 23:44:23', '2020-11-05 21:03:26', 47, 1),
('BR000051', '', 'Ichi Ocha Botol', 'Botol', 2083, 3000, 2250, 40, 1, '2020-11-02 23:45:22', '2020-11-05 21:04:27', 47, 1),
('BR000052', '', 'Teh Pucuk Botol', 'Botol', 2166, 3000, 2250, 18, 1, '2020-11-02 23:46:15', '2020-11-05 21:06:02', 47, 1),
('BR000053', '', 'Aqua Gelas ', 'Unit', 598, 625, 625, 192, 1, '2020-11-02 23:47:13', '2020-11-05 21:09:09', 47, 1),
('BR000054', '', 'Sprite 330 ML ', 'Botol', 3583, 5000, 3750, 13, 1, '2020-11-02 23:48:04', '2020-11-05 21:10:19', 47, 1),
('BR000055', '', 'Fanta 330 ML', 'Botol', 3583, 5000, 3750, 15, 1, '2020-11-02 23:48:39', '2020-11-05 21:10:39', 47, 1),
('BR000056', '', 'Maizon', 'Botol', 2833, 5000, 3000, 46, 1, '2020-11-02 23:49:06', '2020-11-05 21:11:53', 47, 1),
('BR000057', '01', 'Super Mie', 'PCS', 2085, 2250, 2150, 183, 1, '2020-11-02 23:52:26', '2020-11-24 17:49:30', 42, 1),
('BR000058', '02', 'Sarimi', 'PCS', 2085, 2250, 2150, 106, 1, '2020-11-02 23:53:14', '2020-11-24 17:49:41', 42, 1),
('BR000059', '03', 'Indomie Soto', 'PCS', 2190, 2300, 2250, 246, 1, '2020-11-02 23:54:57', '2020-11-24 17:49:59', 42, 1),
('BR000060', '19', 'Indomie Spc Ayam', 'PCS', 2190, 2300, 2250, 77, 1, '2020-11-02 23:55:41', '2020-11-24 17:59:58', 42, 1),
('BR000061', '', 'Indomie Ayam Bawang', 'PCS', 2190, 2300, 2250, 38, 1, '2020-11-02 23:59:54', '2020-11-05 20:25:19', 42, 1),
('BR000062', '', 'Indomie Goreng', 'PCS', 2296, 2500, 2400, 155, 1, '2020-11-03 00:00:36', '2020-11-05 20:21:49', 42, 1),
('BR000063', '', 'Indomie Goreng Ayam Geprek', 'PCS', 2321, 2500, 2400, 28, 1, '2020-11-03 00:01:31', '2020-11-05 20:22:05', 42, 1),
('BR000064', '', 'Indomie Seblak Hot', 'PCS', 2321, 2500, 2400, 17, 1, '2020-11-03 00:02:04', '2020-11-05 20:22:17', 42, 1),
('BR000065', '', 'Indomie Goreng Cabe Ijo', 'PCS', 2321, 2500, 2400, 39, 1, '2020-11-03 00:03:02', '2020-11-05 20:22:25', 42, 1),
('BR000066', '', 'Mie Sedap Ayam Bawang', 'PCS', 2125, 2300, 2250, 282, 1, '2020-11-03 00:06:39', '2020-11-05 20:23:14', 42, 1),
('BR000067', '', 'Mie Sedap Soto', 'PCS', 2125, 2300, 2250, 0, 1, '2020-11-03 00:07:06', '2020-11-05 20:24:30', 42, 1),
('BR000068', '', 'Mie Sedap Kari Ayam', 'PCS', 2125, 2300, 2250, 10, 1, '2020-11-03 00:07:39', '2020-11-05 20:25:35', 42, 1),
('BR000069', '', 'Mie Sedap Goreng', 'PCS', 2250, 2500, 2400, 215, 1, '2020-11-03 00:09:04', '2020-11-05 20:27:17', 42, 1),
('BR000070', '', 'Mie Desa', 'PCS', 5000, 5500, 5500, 19, 1, '2020-11-03 00:09:41', NULL, 42, 1),
('BR000071', '', 'Mie Kenduri', 'PCS', 7000, 7500, 7500, 15, 1, '2020-11-03 00:10:14', '2020-11-05 20:27:57', 42, 1),
('BR000072', '', 'Mie Spider', 'PCS', 5000, 5500, 5500, 7, 1, '2020-11-03 00:10:43', NULL, 42, 1),
('BR000073', '', 'Sarimie Gelas Baso Sapi', 'PCS', 788, 1000, 900, 50, 1, '2020-11-03 00:11:21', '2020-11-05 19:53:09', 42, 1),
('BR000074', '', 'Sarimie Gelas Soto Ayam', 'PCS', 788, 1000, 900, 40, 1, '2020-11-03 00:12:25', '2020-11-05 19:53:32', 42, 1),
('BR000075', '', 'Pop Mie Mini Baso Sapi', 'PCS', 2566, 3000, 2700, 5, 1, '2020-11-03 00:13:02', '2020-11-05 20:29:32', 42, 1),
('BR000076', '', 'Pop Mie Mini Ayam Bawang', 'PCS', 2566, 3000, 2700, 4, 1, '2020-11-03 00:13:41', '2020-11-05 20:29:52', 42, 1),
('BR000077', '', 'Pop Mie Cup Besar Soto', 'PCS', 3622, 4500, 4000, 21, 1, '2020-11-03 00:14:23', NULL, 42, 1),
('BR000078', '', 'Pop Mie Cup Besar Ayam ', 'PCS', 3622, 4500, 4000, 13, 1, '2020-11-03 00:15:12', NULL, 42, 1),
('BR000079', '', 'Signature', 'Bks', 15450, 17000, 15700, 30, 1, '2020-11-05 12:57:45', '2020-11-07 06:23:21', 45, 1),
('BR000080', '', 'Lifeboi merah', 'Bks', 2500, 3000, 2700, 20, 1, '2020-11-05 13:00:47', '2020-11-07 11:17:03', 51, 1),
('BR000082', '', 'S.M Lifeboy Fresh(Kuning, Merah, Jambu)', 'Biji', 2500, 3000, 2700, 100, 0, '2020-11-05 13:02:18', '2020-11-07 10:59:09', 51, 1),
('BR000083', '', 'S.M Lifenboy Matcha (Hijau)', 'Biji', 2500, 3000, 2700, 9, 1, '2020-11-05 13:03:04', NULL, 51, 1),
('BR000084', '', 'SM Lux Fragrant Skin (Ungu)', 'Biji', 2800, 3200, 3000, 13, 1, '2020-11-05 13:04:57', NULL, 51, 1),
('BR000085', '', 'SM Lux Soft Skin (Merah)', 'Biji', 2800, 3200, 3000, 17, 1, '2020-11-05 13:06:45', NULL, 51, 1),
('BR000086', '', 'SM Lux Smoth Skin (Kuning)', 'Biji', 2800, 3200, 3000, 13, 1, '2020-11-05 13:07:42', NULL, 51, 1),
('BR000087', '', 'SM Citra Bengkuang ', 'Biji', 1900, 2200, 2000, 15, 1, '2020-11-05 13:08:50', '2020-11-05 20:09:16', 51, 1),
('BR000088', '', 'SM Nuvo Family (Biru)', 'Biji', 1735, 2200, 2000, 7, 1, '2020-11-05 13:10:25', '2020-11-05 20:11:58', 51, 1),
('BR000089', '', 'SM Nuvo Family (Kuning)', 'Biji', 1735, 2200, 2000, 7, 1, '2020-11-05 13:11:40', NULL, 51, 1),
('BR000090', '', 'SM Giv Bengkuang', 'Biji', 1735, 2200, 2000, 22, 1, '2020-11-05 13:12:39', NULL, 51, 1),
('BR000091', '', 'SM Giv Sakura', 'Biji', 1735, 2200, 2000, 26, 1, '2020-11-05 13:13:21', NULL, 51, 1),
('BR000092', '', 'Sm Giv Diamond Rose', 'Biji', 1735, 2200, 2000, 22, 1, '2020-11-05 13:14:34', NULL, 51, 1),
('BR000093', '', 'SM Nuvo Cair (Merah)', 'Biji', 2000, 25000, 2250, 7, 1, '2020-11-05 13:15:07', NULL, 51, 1),
('BR000094', '', 'SM Nuvo Cair (Biru)', 'Biji', 2000, 2500, 2250, 7, 1, '2020-11-05 13:15:35', NULL, 51, 1),
('BR000095', '', 'Sm Giv Cair Possion Flover', 'Biji', 2000, 2500, 2250, 2, 1, '2020-11-05 13:16:40', NULL, 51, 1),
('BR000096', '', 'SM Giv Cair Hijab', 'Biji', 2000, 2500, 2250, 3, 1, '2020-11-05 13:17:06', NULL, 51, 1),
('BR000097', '', 'SC Ekonomi 500 ', 'Biji', 1740, 2000, 1900, 115, 1, '2020-11-05 13:18:13', '2020-11-05 20:18:33', 51, 1),
('BR000098', '', 'SC Ekonomi 900', 'Biji', 4350, 5000, 4500, 31, 1, '2020-11-05 13:19:00', NULL, 51, 1),
('BR000099', '', 'Sc Ekonomi 2 kg', 'Biji', 18025, 19500, 18500, 3, 1, '2020-11-05 13:19:48', NULL, 51, 1),
('BR000100', '', 'Ale - Ale Strawbery', 'Unit', 729, 1000, 771, 48, 1, '2020-11-05 13:52:42', NULL, 47, 1),
('BR000101', '', 'Ale - Ale Jeruk ', 'Unit', 729, 1000, 771, 0, 1, '2020-11-05 13:53:19', NULL, 47, 1),
('BR000102', '', 'Ale - Ale Sirsak', 'Unit', 729, 1000, 771, 0, 1, '2020-11-05 13:53:51', NULL, 47, 1),
('BR000103', '', 'Ale - Ale Anggur', 'Unit', 729, 1000, 771, 0, 1, '2020-11-05 13:54:14', NULL, 47, 1),
('BR000104', '', 'Tuton Super', 'Bks', 11350, 12000, 11500, 12, 1, '2020-11-05 14:15:00', '2020-11-06 21:56:28', 45, 1),
('BR000105', '', 'Tuton Kretek', 'Bks', 4925, 5500, 5200, 23, 1, '2020-11-05 14:15:40', NULL, 45, 1),
('BR000106', '', 'Kapal Api Mix', 'Sachet', 996, 1250, 1050, 258, 1, '2020-11-05 14:17:52', '2020-11-06 07:24:54', 42, 1),
('BR000107', '', 'Kopi ABC Susu ', 'Sachet', 997, 1250, 1050, 450, 1, '2020-11-05 14:18:45', '2020-11-05 23:25:59', 42, 1),
('BR000108', '', 'Kapal Api 30 Gram ', 'Sachet', 2280, 2500, 2400, 80, 1, '2020-11-05 14:20:23', NULL, 42, 1),
('BR000109', '', 'Kapal Api 65 Gram ', 'Sachet', 4329, 5000, 4750, 35, 1, '2020-11-05 14:22:04', '2020-11-05 23:27:07', 42, 1),
('BR000110', '', 'Kapal Api 165 Gram ', 'Sachet', 10821, 12000, 11500, 7, 1, '2020-11-05 14:23:06', NULL, 42, 1),
('BR000111', '', 'White Coffee Luwak ', 'Sachet', 980, 1250, 1050, 350, 1, '2020-11-05 14:25:18', NULL, 42, 1),
('BR000112', '', 'Top Susu', 'Sachet', 910, 1000, 950, 90, 1, '2020-11-05 14:26:38', NULL, 42, 1),
('BR000113', '', 'Top White', 'Sachet', 910, 1000, 950, 100, 1, '2020-11-05 14:27:10', NULL, 42, 1),
('BR000114', '', 'Top Susu Gula Aren ', 'Sachet', 825, 1000, 900, 80, 1, '2020-11-05 14:28:19', NULL, 42, 1),
('BR000115', '', 'Energen Coklat', 'Sachet', 1130, 1500, 1250, 40, 1, '2020-11-05 14:29:25', '2020-11-05 21:30:44', 42, 1),
('BR000116', '', 'Energen Kacang Ijo ', 'Sachet', 1130, 1500, 1250, 70, 1, '2020-11-05 14:30:31', NULL, 42, 1),
('BR000117', '', 'Energen Vanila ', 'Sachet', 1130, 1500, 1250, 20, 1, '2020-11-05 14:31:37', NULL, 42, 1),
('BR000118', '', 'Energen Jagung ', 'Sachet', 1130, 1500, 1250, 0, 1, '2020-11-05 14:32:14', NULL, 42, 1),
('BR000119', '', 'Good Day 2 In 1 Mocacino', 'Sachet', 968, 1250, 1100, 30, 1, '2020-11-05 14:34:10', NULL, 42, 1),
('BR000120', '', 'Good Day Capucino', 'Sachet', 1324, 2000, 1500, 20, 1, '2020-11-05 14:34:49', NULL, 42, 1),
('BR000121', '', 'Chocolatos Drink Coklat', 'Sachet', 1534, 2000, 1750, 25, 1, '2020-11-05 14:35:32', NULL, 42, 1),
('BR000122', '', 'Minyak Curah Malinda', 'Kilogram', 3175, 3375, 3300, 706, 1, '2020-11-05 16:10:17', '2020-11-06 18:21:42', 42, 1),
('BR000123', '', 'Telur Ayam', 'Kilogram', 5175, 5750, 5500, 39, 1, '2020-11-05 16:13:14', '2020-11-07 08:16:28', 42, 1),
('BR000124', '', 'Frisan Flag Sachet Putih', 'Sachet', 1100, 1500, 1250, 156, 1, '2020-11-05 16:36:26', NULL, 42, 1),
('BR000125', '', 'Frisian Flag Sachet Coklat', 'Sachet', 1100, 1500, 1250, 102, 1, '2020-11-05 16:38:28', NULL, 42, 1),
('BR000126', '', 'Indomilk Sachet Coklat', 'Sachet', 1100, 1500, 1250, 6, 1, '2020-11-05 16:40:09', NULL, 42, 1),
('BR000127', '', 'Indomlk Sachet Putih', 'Sachet', 1100, 1500, 1250, 0, 1, '2020-11-05 16:42:08', NULL, 42, 1),
('BR000128', '', 'Susu Jahe', 'Sachet', 1192, 1500, 1300, 55, 1, '2020-11-05 16:46:19', NULL, 42, 1),
('BR000129', '', 'Kecap Sedap Pouch 63 ml', 'PCS', 1458, 2000, 1750, 80, 1, '2020-11-05 16:50:00', '2020-11-06 06:46:05', 42, 1),
('BR000130', '', 'Kecap Sedap Pouch 220 ml', 'PCS', 7459, 8500, 8000, 11, 1, '2020-11-05 16:52:10', NULL, 42, 1),
('BR000131', '', 'Kecap Bango Pouch Kecil', 'PCS', 2400, 3000, 2600, 21, 1, '2020-11-05 17:03:08', NULL, 42, 1),
('BR000132', '', 'Kecap Bango Sachet', 'Sachet', 800, 1000, 900, 102, 1, '2020-11-05 17:07:50', NULL, 42, 1),
('BR000133', '', 'Kecap Abc Sachet', 'Sachet', 325, 500, 4167, 120, 1, '2020-11-05 17:20:23', NULL, 42, 1),
('BR000134', '', 'Kecap manis Abc botol', 'Botol', 0, 0, 0, 11, 1, '2020-11-05 17:35:28', NULL, 42, 1),
('BR000135', '', 'Sip Richees richoo (coklato )', 'Box', 8000, 9000, 8500, 6, 1, '2020-11-05 23:59:02', NULL, 47, 1),
('BR000136', '', 'Siip Richeese (keju)', 'Box', 8000, 9000, 8500, 4, 1, '2020-11-06 00:02:36', NULL, 47, 1),
('BR000137', '', 'Siip Roasted cron (jagung)', 'Box', 8000, 9000, 8500, 3, 1, '2020-11-06 00:04:55', NULL, 47, 1),
('BR000138', '', 'Nabati Keju 500', 'Box', 8000, 9000, 8500, 12, 1, '2020-11-06 00:07:44', NULL, 47, 1),
('BR000139', '', 'Nabati Coklat 500', 'Box', 8000, 9000, 8500, 11, 1, '2020-11-06 00:10:49', NULL, 47, 1),
('BR000140', '', ' Teh Gopek Abang', 'Bks', 4600, 5000, 4900, 32, 1, '2020-11-06 02:00:03', '2020-11-06 18:29:46', 42, 1),
('BR000141', '', 'Trigu Payung ', 'Kilogram', 2740, 1625, 1500, 436, 1, '2020-11-06 02:03:53', '2020-11-06 18:22:48', 42, 1),
('BR000142', '', 'Teh Gopek Kunng', 'Bks', 5500, 6000, 5750, 2, 1, '2020-11-06 02:09:56', NULL, 42, 1),
('BR000143', '', 'Poci Kuning', 'Bks', 5000, 6000, 5500, 10, 1, '2020-11-06 02:14:43', NULL, 42, 1),
('BR000144', '', 'Teh Poci Biru', 'Bks', 4200, 5000, 4750, 9, 1, '2020-11-06 02:19:02', NULL, 42, 1),
('BR000145', '', 'Teh 2 Tang Biru', 'Bks', 7000, 8500, 7000, 0, 1, '2020-11-06 02:33:51', NULL, 42, 1),
('BR000146', '', 'Teh 2Tank Kuning', 'Bks', 5100, 6000, 5500, 0, 1, '2020-11-06 02:36:45', NULL, 42, 1),
('BR000147', '', 'Teh Celup Sosro Tok Melati', 'Kotak', 6500, 7500, 7000, 3, 1, '2020-11-06 02:42:04', NULL, 42, 1),
('BR000148', '', 'Teh Celup Sosro Tok', 'Kotak', 5500, 6500, 6300, 5, 1, '2020-11-06 02:44:07', NULL, 42, 1),
('BR000149', '', 'Teh Celup Sosro Sachet', 'Sachet', 750, 1000, 900, 24, 1, '2020-11-06 02:46:38', NULL, 42, 1),
('BR000150', '', 'Teh Celup Sariwangi', 'Kotak', 4950, 6000, 5500, 6, 1, '2020-11-06 02:50:55', NULL, 42, 1),
('BR000151', '', 'Masako Ayam', 'Sachet', 366, 500, 417, 72, 1, '2020-11-06 03:02:10', NULL, 44, 1),
('BR000152', '', 'Royco Ayam', 'Sachet', 375, 500, 417, 64, 1, '2020-11-06 03:06:16', NULL, 42, 1),
('BR000153', '', 'Royco Sapi', 'Sachet', 375, 500, 417, 45, 1, '2020-11-06 03:07:44', NULL, 42, 1),
('BR000154', '', 'Sasa 1000', 'Biji', 875, 1000, 950, 39, 1, '2020-11-06 03:13:27', NULL, 44, 1),
('BR000155', '', 'Sasa 2000', 'Biji', 1650, 2000, 1800, 33, 1, '2020-11-06 03:15:23', NULL, 44, 1),
('BR000156', '', 'Sasa 5000', 'Biji', 4500, 5000, 4800, 4, 1, '2020-11-06 03:16:54', NULL, 44, 1),
('BR000157', '', 'Sasa 10000', 'Biji', 8600, 10000, 9000, 3, 1, '2020-11-06 03:18:41', NULL, 44, 1),
('BR000158', '', 'Trasi', 'Bks', 5000, 6500, 6000, 12, 1, '2020-11-06 03:22:30', NULL, 44, 1),
('BR000159', '', 'Saos Abc Sachet', 'Sachet', 0, 0, 0, 6, 1, '2020-11-06 03:25:26', NULL, 42, 1),
('BR000160', '', 'Bumbu Racik Sayur  Lodeh', 'Sachet', 1400, 2000, 1500, 10, 1, '2020-11-06 03:32:08', NULL, 44, 1),
('BR000161', '', 'Rack Sayur Sop', 'Sachet', 1400, 2000, 1500, 10, 1, '2020-11-06 03:33:16', NULL, 44, 1),
('BR000162', '', 'Racik  Nasi Goreng', 'Sachet', 1400, 2000, 1500, 17, 1, '2020-11-06 03:35:50', NULL, 44, 1),
('BR000163', '', 'Racik Ayam Goreng', 'Sachet', 1400, 2000, 1500, 23, 1, '2020-11-06 03:36:26', NULL, 44, 1),
('BR000164', '', 'Racik Tempe Goreng', 'Sachet', 1400, 2000, 1500, 10, 1, '2020-11-06 03:38:00', NULL, 44, 1),
('BR000165', '', 'Gula Pasir', 'Kilogram', 2875, 3250, 3125, 522, 1, '2020-11-06 03:53:47', '2020-11-06 18:19:36', 42, 1),
('BR000166', '', 'Antor', 'Biji', 10000, 11000, 10500, 30, 1, '2020-11-06 03:55:28', NULL, 47, 1),
('BR000167', '', 'Ator Bumbu', 'Biji', 12000, 14000, 14000, 7, 1, '2020-11-06 03:56:52', NULL, 47, 1),
('BR000168', '', 'Garam Halus', 'Buah', 900, 2000, 1500, 42, 1, '2020-11-06 04:00:17', NULL, 44, 1),
('BR000169', '', 'Kembang Pacar', 'Buah', 5000, 5500, 5500, 11, 1, '2020-11-06 04:02:23', NULL, 47, 1),
('BR000170', '', 'Beras', 'Kilogram', 8800, 9500, 9000, 100, 1, '2020-11-06 05:19:54', '2020-11-06 21:47:34', 42, 1),
('BR000171', '', 'Teh Gopek Abang', 'Buah', 4700, 5000, 4800, 32, 1, '2020-11-06 05:22:08', NULL, 42, 1),
('BR000172', '', 'King kong', 'Bks', 3267, 4000, 3500, 133, 1, '2020-11-06 05:24:12', NULL, 51, 1),
('BR000173', '', 'Tabung Elpiji 3 Kg', 'Buah', 14500, 18000, 17000, 31, 1, '2020-11-06 05:26:10', '2020-11-06 21:43:28', 51, 1),
('BR000174', '', 'Chokolatos', 'Box', 9833, 11000, 10500, 2, 1, '2020-11-06 05:29:10', NULL, 47, 1),
('BR000175', '', 'Pilus Garuda pedas 500', 'PCS', 436, 500, 450, 20, 1, '2020-11-06 05:33:19', NULL, 47, 1),
('BR000176', '', 'Pilus Garuda  Sapi Pangggang 500', 'Sachet', 436, 500, 459, 65, 1, '2020-11-06 05:36:16', NULL, 47, 1),
('BR000177', '', 'Pilus Garuda  Rumput Laut 500', 'Sachet', 436, 500, 450, 70, 1, '2020-11-06 05:37:38', NULL, 47, 1),
('BR000178', '', 'Abc Drink Kacanh Hijau (Muang Bean)', 'Kotak', 2616, 4000, 3000, 21, 1, '2020-11-06 05:46:19', NULL, 47, 1),
('BR000179', '', 'Sosis Ayam ', 'Kaleng', 18480, 19500, 19000, 15, 1, '2020-11-06 07:42:47', NULL, 47, 1),
('BR000180', '', 'Sosis Sapi', 'Kaleng', 18480, 19500, 19000, 21, 1, '2020-11-06 07:43:31', NULL, 47, 1),
('BR000181', '', 'Soklin Softergent purpel lavender 1kg', 'PCS', 15670, 17000, 16500, 2, 1, '2020-11-06 08:44:34', NULL, 51, 1),
('BR000182', '', 'Soklin Softergent rosy pink', 'PCS', 15670, 17000, 16500, 1, 1, '2020-11-06 08:46:43', NULL, 51, 1),
('BR000183', '', 'Soklin Purpel 5000', 'PCS', 4200, 5000, 4500, 6, 1, '2020-11-06 08:52:48', NULL, 51, 1),
('BR000184', '', 'Soklin Purpel 1000', 'Sachet', 780, 1000, 834, 48, 1, '2020-11-06 08:58:31', NULL, 51, 1),
('BR000185', '', 'Daia Softener 1Kg', 'Bks', 15390, 16500, 16000, 2, 1, '2020-11-06 09:02:16', NULL, 51, 1),
('BR000186', '', 'Daia Violet 1 Kg', 'Bks', 15390, 16500, 16000, 2, 1, '2020-11-06 09:03:52', NULL, 51, 1),
('BR000187', '', 'Daia Violet 5000', 'PCS', 4200, 5000, 4500, 2, 1, '2020-11-06 09:05:52', NULL, 51, 1),
('BR000188', '', 'Daia Violet 1000', 'Sachet', 770, 1000, 834, 70, 1, '2020-11-06 09:16:48', NULL, 51, 1),
('BR000189', '', 'Rinso Molto 1 Kg', 'Bks', 18275, 19500, 19000, 2, 1, '2020-11-06 09:20:49', NULL, 51, 1),
('BR000190', '', 'Rinso Molto 10000', 'Bks', 9167, 10000, 9500, 3, 1, '2020-11-06 09:38:51', NULL, 51, 1),
('BR000191', '', 'Rinso Molto 5000', 'PCS', 4250, 5000, 4500, 10, 1, '2020-11-06 09:42:53', NULL, 51, 1),
('BR000192', '', 'Rinso Molto 1000', 'Sachet', 805, 1000, 917, 67, 1, '2020-11-06 09:54:28', NULL, 51, 1),
('BR000193', '', 'Molto pewangi 500 Ireng', 'Sachet', 390, 500, 417, 180, 1, '2020-11-06 10:13:01', '2020-11-06 17:16:03', 51, 1),
('BR000194', '', 'Molto pewangi 500 merah', 'Sachet', 390, 500, 417, 132, 1, '2020-11-06 10:14:45', NULL, 51, 1),
('BR000195', '', 'Molto Pewangi pouch ', 'PCS', 5500, 7500, 7000, 1, 1, '2020-11-06 10:23:16', NULL, 51, 1),
('BR000196', '', 'Softener Soklin Twin 500 ungu', 'Sachet', 360, 500, 417, 112, 1, '2020-11-06 10:41:45', NULL, 51, 1),
('BR000197', '', 'Softener Soklin Twin 500 biru', 'Sachet', 360, 500, 417, 112, 1, '2020-11-06 10:43:51', NULL, 51, 1),
('BR000198', '', 'Softener Soklin Twin Pink 500', 'Sachet', 360, 500, 417, 112, 1, '2020-11-06 10:50:47', NULL, 51, 1),
('BR000199', '', 'Softener Soklin 450', 'Biji', 111, 111, 111, 3, 1, '2020-11-06 10:53:54', NULL, 51, 1),
('BR000200', '', 'Indocafe mix', 'Sachet', 1080, 1500, 1150, 160, 1, '2020-11-06 11:59:53', NULL, 42, 1),
('BR000201', '', 'Pepsodent 75 gr', 'PCS', 3850, 4500, 4000, 30, 1, '2020-11-06 12:02:55', NULL, 51, 1),
('BR000202', '', 'Pepsodent 190', 'PCS', 9350, 10000, 9500, 19, 1, '2020-11-06 12:05:08', NULL, 51, 1),
('BR000203', '', 'Closeup 160 gr', 'PCS', 13600, 15000, 14000, 2, 1, '2020-11-06 12:07:37', NULL, 51, 1),
('BR000204', '', 'Closeup 65 gr', 'PCS', 1, 1, 1, 2, 1, '2020-11-06 12:13:55', NULL, 51, 1),
('BR000205', '', 'Ciptadent', 'PCS', 1, 1, 1, 1, 1, '2020-11-06 12:15:50', NULL, 51, 1),
('BR000206', '', 'Clear sachet', 'Sachet', 388, 500, 417, 168, 1, '2020-11-06 12:19:05', NULL, 51, 1),
('BR000207', '', 'Sunsilk htm', 'Sachet', 388, 500, 417, 96, 1, '2020-11-06 12:21:19', NULL, 51, 1),
('BR000208', '', 'Sunsilk kuning', 'Sachet', 388, 500, 417, 48, 1, '2020-11-06 12:23:01', NULL, 51, 1),
('BR000209', '', 'Sunsilk kuning', 'Sachet', 388, 500, 417, 48, 1, '2020-11-06 12:23:01', NULL, 51, 1),
('BR000210', '', 'Smp lifeboy hj', 'Sachet', 193, 250, 208, 232, 1, '2020-11-06 12:28:47', NULL, 51, 1),
('BR000211', '', 'Smp lifeboy biru', 'Sachet', 193, 250, 208, 264, 1, '2020-11-06 12:29:02', NULL, 51, 1),
('BR000212', '', 'Sunligt 5000', 'PCS', 4300, 5000, 4500, 38, 1, '2020-11-06 13:01:26', '2020-11-06 20:14:01', 51, 1),
('BR000213', '', 'Sunligt 2000', 'PCS', 1600, 2000, 1800, 49, 1, '2020-11-06 13:07:53', NULL, 51, 1),
('BR000214', '', 'Sunligt 1000', 'PCS', 825, 1000, 900, 42, 1, '2020-11-06 13:12:46', NULL, 51, 1),
('BR000215', '', 'Wipol 5000', 'PCS', 4250, 5000, 4500, 6, 1, '2020-11-06 13:15:55', NULL, 51, 1),
('BR000216', '', 'Super sol botol', 'Botol', 10968, 13000, 12500, 3, 1, '2020-11-06 13:20:53', NULL, 51, 1),
('BR000217', '', 'Super sol pouch 1000', 'PCS', 800, 1000, 900, 22, 1, '2020-11-06 13:22:44', NULL, 51, 1),
('BR000218', '', 'Minyak bimoli drigen', 'PCS', 72700, 75000, 75000, 3, 1, '2020-11-06 13:27:43', NULL, 42, 1),
('BR000219', '', 'Minyak bimoli 2 liter', 'PCS', 26625, 28000, 27500, 3, 1, '2020-11-06 13:29:45', NULL, 42, 1),
('BR000220', '', 'Rose brand drigen', 'PCS', 66500, 70000, 70000, 1, 1, '2020-11-06 13:33:11', NULL, 42, 1),
('BR000221', '', 'Frisian flag kaleng besar', 'PCS', 12850, 14000, 13500, 5, 1, '2020-11-06 13:36:24', NULL, 47, 1),
('BR000222', '', 'Frisian flag gold', 'PCS', 14950, 16000, 15500, 1, 1, '2020-11-06 13:38:10', NULL, 47, 1),
('BR000223', '', 'Frisian flag kaleng coklat', 'PCS', 9400, 10500, 10000, 6, 1, '2020-11-06 13:41:14', NULL, 47, 1),
('BR000224', '', 'Susu carnation', 'PCS', 9250, 10500, 10000, 3, 1, '2020-11-06 13:43:02', NULL, 47, 1),
('BR000225', '', 'Susu cap enak', 'PCS', 8400, 9500, 9000, 3, 1, '2020-11-06 13:44:45', NULL, 47, 1),
('BR000226', '', 'Susu indomilk ckt', 'PCS', 9020, 10000, 9700, 7, 1, '2020-11-06 13:51:09', NULL, 47, 1),
('BR000227', '', 'Susu indomilk pth', 'PCS', 1, 1, 1, 1, 1, '2020-11-06 13:56:51', NULL, 47, 1),
('BR000228', '', 'Trigu segitiga biru', 'Kilogram', 1747, 2000, 2000, 200, 1, '2020-11-06 13:59:23', NULL, 42, 1),
('BR000229', '', 'Trigu cakra', 'Kilogram', 1815, 2250, 2250, 20, 1, '2020-11-06 14:01:11', NULL, 42, 1),
('BR000230', '', 'Protek maxy (merah)', 'PCS', 2688, 3000, 3000, 33, 1, '2020-11-06 14:07:10', NULL, 51, 1),
('BR000231', '', 'AQua Galon', 'Botol', 16700, 19000, 19000, 8, 1, '2020-11-06 14:58:50', '2020-11-07 10:09:41', 47, 1),
('BR000232', '', 'Kertas Nasi Hebat Besar', 'Buah', 18600, 21000, 20000, 6, 1, '2020-11-06 15:02:31', NULL, 51, 1),
('BR000233', '', 'Kertas Nasi Hebat Kecil', 'Buah', 8400, 9000, 9000, 5, 1, '2020-11-06 15:04:03', NULL, 51, 1),
('BR000234', '', 'Kertas Nasi Hebat Bulat', 'Buah', 14800, 16000, 16000, 4, 1, '2020-11-06 15:05:45', NULL, 51, 1),
('BR000235', '', 'Plastik Metro', 'Buah', 3600, 5000, 5000, 10, 1, '2020-11-06 15:07:35', NULL, 51, 1),
('BR000236', '', 'Plastik Putih 20*30', 'Buah', 6250, 7000, 7000, 4, 1, '2020-11-06 15:10:04', NULL, 51, 1),
('BR000237', '', 'Plastik Putih 20*35', 'Buah', 6250, 7000, 7000, 4, 1, '2020-11-06 15:11:40', NULL, 51, 1),
('BR000238', '', 'Plastik Putih 12*20', 'Buah', 6250, 7000, 7000, 6, 1, '2020-11-06 15:12:53', NULL, 51, 1),
('BR000239', '', 'Plastik Putih 8*12', 'Buah', 6375, 7000, 7000, 3, 1, '2020-11-06 15:14:31', NULL, 51, 1),
('BR000240', '', 'Plastik Putih 10*17', 'Buah', 6250, 7000, 7000, 4, 1, '2020-11-06 15:15:57', NULL, 51, 1),
('BR000241', '', 'Plastik Putih 9*15', 'Buah', 6250, 7000, 7000, 2, 1, '2020-11-06 15:16:56', NULL, 51, 1),
('BR000242', '', 'Plastik Putih 23*35', 'Buah', 6250, 7000, 7000, 3, 1, '2020-11-06 15:18:23', NULL, 51, 1),
('BR000243', '', 'Plastik Putih 26*40', 'Buah', 6250, 7000, 7000, 2, 1, '2020-11-06 15:19:43', NULL, 51, 1),
('BR000244', '', 'Plastik Putih 26*50', 'Buah', 6250, 7000, 7000, 1, 1, '2020-11-06 15:20:59', NULL, 51, 1),
('BR000245', '', 'Plastik Putih Es 12*20', 'Buah', 6500, 8000, 7500, 4, 1, '2020-11-06 15:34:07', NULL, 51, 1),
('BR000246', '', 'Plastik Putih Es 15*30', 'Buah', 6500, 8000, 7500, 4, 1, '2020-11-06 15:36:05', NULL, 51, 1),
('BR000247', '', 'Tepung Beras Rose', 'PCS', 5600, 7000, 7000, 15, 1, '2020-11-06 16:17:59', NULL, 42, 1),
('BR000248', '', 'Tepung Padi', 'PCS', 2500, 2800, 2750, 71, 1, '2020-11-06 23:29:33', NULL, 42, 1),
('BR000249', '', 'Crystal', 'Buah', 13700, 14500, 14000, 10, 1, '2020-11-07 00:02:45', NULL, 45, 1),
('BR000250', '', 'Liquid', 'Sachet', 375, 500, 417, 264, 1, '2020-11-07 00:08:44', NULL, 51, 1),
('BR000251', '', 'Liquid', 'PCS', 375, 500, 417, 288, 1, '2020-11-07 00:09:52', NULL, 51, 1),
('BR000252', '', 'Larutan Kaleng Lasegar (jeruk)', 'Botol', 4261, 5000, 4750, 4, 1, '2020-11-07 02:21:09', NULL, 47, 1),
('BR000253', '', 'Larutan Kaleng Lasegar (jambu)', 'Botol', 4261, 5000, 4700, 6, 1, '2020-11-07 02:24:55', NULL, 47, 1),
('BR000254', '', 'Larutan Kaleng Lasegar (leci)', 'Botol', 4261, 5000, 4500, 1, 1, '2020-11-07 02:29:29', NULL, 47, 1),
('BR000255', '', 'Larutan  Lasegar Botol Kecil', 'Botol', 2378, 3000, 2600, 34, 1, '2020-11-07 02:42:51', NULL, 47, 1),
('BR000256', '', 'Larutan  Lasegar Botol Besar', 'Botol', 6000, 6500, 6300, 12, 1, '2020-11-07 02:51:49', NULL, 47, 1),
('BR000257', '', 'Cincau', 'Botol', 3940, 5000, 4750, 4, 1, '2020-11-07 02:57:42', NULL, 47, 1),
('BR000258', '', 'Adem Sari Chingku Kaleng', 'Botol', 4900, 5500, 5000, 19, 1, '2020-11-07 03:02:03', NULL, 47, 1),
('BR000259', '', 'Lifeboy Milkcare (Biru)', 'Unit', 2500, 3000, 2700, 17, 1, '2020-11-07 03:14:09', NULL, 51, 1),
('BR000260', '', 'S.M Lifeboy Fresh(Kuning, Merah, Jambu) Alter', 'Buah', 2500, 3000, 2700, 20, 20, '2020-11-07 04:11:08', NULL, 51, 1),
('BR000261', '', 'sabun lefboi merah', 'Bks', 2500, 3000, 2700, 20, 0, '2020-11-07 04:12:57', '2020-11-07 11:15:37', 51, 1),
('BR000262', '', 'Hensed', 'Kotak', 8000, 4000, 8000, 995, 0, '2020-11-20 13:44:00', NULL, 48, 1),
('BR040701', '04061999', 'Baju Tidur', 'Kotak', 9999, 3000, 7889, 3022, 0, '2020-11-20 17:49:52', NULL, 51, 1),
('BR040702', '100597', 'Celana Jins', 'Unit', 22222, 2222, 222, 1621, 0, '2020-11-20 17:50:39', '2020-11-21 00:56:50', 51, 1),
('BR040703', 'C31C514776', 'Printer', 'Kotak', 8000000, 8500000, 8200000, 1, 0, '2020-11-26 11:34:23', NULL, 43, 1),
('BR040704', '8998824552114', 'henbody', 'Unit', 9000, 9000, 90000, 8982, 0, '2020-11-26 11:44:23', NULL, 51, 1),
('BR040705', 'ANIQ CRN-W0220', 'scanner', 'Unit', 10000, 10000000, 2000000, 9990, 0, '2020-11-26 16:06:21', NULL, 48, 1);

-- --------------------------------------------------------

--
-- Struktur dari tabel `tbl_beli`
--

CREATE TABLE `tbl_beli` (
  `beli_nofak` varchar(15) DEFAULT NULL,
  `beli_tanggal` date DEFAULT NULL,
  `beli_suplier_id` int(11) DEFAULT NULL,
  `beli_user_id` int(11) DEFAULT NULL,
  `beli_kode` varchar(15) NOT NULL
) ENGINE=InnoDB DEFAULT CHARSET=latin1;

--
-- Dumping data untuk tabel `tbl_beli`
--

INSERT INTO `tbl_beli` (`beli_nofak`, `beli_tanggal`, `beli_suplier_id`, `beli_user_id`, `beli_kode`) VALUES
('061120000010', '2020-11-06', 4, 1, 'BL061120000001'),
('061120000010', '2020-11-06', 5, 1, 'BL061120000002'),
('061120000010', '2020-11-06', 5, 1, 'BL061120000003'),
('071120000003', '2020-11-07', 7, 1, 'BL071120000001'),
('INDOF01', '2020-11-21', 4, 1, 'BL211120000001'),
('CL001', '2020-11-21', 7, 1, 'BL211120000002'),
('CL002', '2020-11-21', 3, 1, 'BL211120000003'),
('CL003', '2020-11-21', 3, 1, 'BL211120000004'),
('CL001', '2020-11-22', 7, 1, 'BL211120000005'),
('241120000004', '2020-11-24', 7, 1, 'BL241120000001'),
('DJK', '2020-11-26', 4, 7, 'BL261120000001'),
('DJK', '2020-11-26', 3, 7, 'BL261120000002'),
('gghj-dj', '2020-11-26', 6, 1, 'BL261120000003');

-- --------------------------------------------------------

--
-- Struktur dari tabel `tbl_detail_beli`
--

CREATE TABLE `tbl_detail_beli` (
  `d_beli_id` int(11) NOT NULL,
  `d_beli_nofak` varchar(15) DEFAULT NULL,
  `d_beli_barang_id` varchar(15) DEFAULT NULL,
  `d_beli_harga` double DEFAULT NULL,
  `d_beli_jumlah` int(11) DEFAULT NULL,
  `d_beli_total` double DEFAULT NULL,
  `d_beli_kode` varchar(15) DEFAULT NULL
) ENGINE=InnoDB DEFAULT CHARSET=latin1;

--
-- Dumping data untuk tabel `tbl_detail_beli`
--

INSERT INTO `tbl_detail_beli` (`d_beli_id`, `d_beli_nofak`, `d_beli_barang_id`, `d_beli_harga`, `d_beli_jumlah`, `d_beli_total`, `d_beli_kode`) VALUES
(1, 'INDOF01', 'BR040701', 9999, 200, 1999800, 'BL211120000001'),
(2, 'INDOF01', 'BR040702', 22222, 100, 2222200, 'BL211120000001'),
(3, 'CL001', 'BR040702', 22222, 1500, 33333000, 'BL211120000002'),
(4, 'CL001', 'BR040701', 9999, 1500, 14998500, 'BL211120000002'),
(7, 'CL002', 'BR040702', 22222, 1, 22222, 'BL211120000003'),
(8, 'CL003', 'BR040702', 22222, 20, 444440, 'BL211120000004'),
(9, 'CL001', 'BR040701', 9999, 90, 899910, 'BL211120000005'),
(10, '241120000004', 'BR040701', 9999, 3, 29997, 'BL241120000001'),
(11, '241120000004', 'BR000057', 2085, 9, 18765, 'BL241120000001'),
(12, 'DJK', 'BR040701', 9999, 40, 399960, 'BL261120000001'),
(13, 'DJK', 'BR040701', 9999, 20, 199980, 'BL261120000002'),
(14, 'gghj-dj', 'BR000003', 2085, 1, 2085, 'BL261120000003'),
(15, 'gghj-dj', 'BR040701', 9999, 10, 99990, 'BL261120000003'),
(16, 'gghj-dj', 'BR000058', 2085, 1, 2085, 'BL261120000003'),
(17, 'gghj-dj', 'BR040703', 8000000, 2, 16000000, 'BL261120000003');

-- --------------------------------------------------------

--
-- Struktur dari tabel `tbl_detail_jual`
--

CREATE TABLE `tbl_detail_jual` (
  `d_jual_id` int(11) NOT NULL,
  `d_jual_nofak` varchar(15) DEFAULT NULL,
  `d_jual_barang_id` varchar(15) DEFAULT NULL,
  `d_jual_barang_nama` varchar(150) DEFAULT NULL,
  `d_jual_barang_satuan` varchar(30) DEFAULT NULL,
  `d_jual_barang_harpok` double DEFAULT NULL,
  `d_jual_barang_harjul` double DEFAULT NULL,
  `d_jual_qty` int(11) DEFAULT NULL,
  `d_jual_diskon` double DEFAULT NULL,
  `d_jual_total` double DEFAULT NULL
) ENGINE=InnoDB DEFAULT CHARSET=latin1;

--
-- Dumping data untuk tabel `tbl_detail_jual`
--

INSERT INTO `tbl_detail_jual` (`d_jual_id`, `d_jual_nofak`, `d_jual_barang_id`, `d_jual_barang_nama`, `d_jual_barang_satuan`, `d_jual_barang_harpok`, `d_jual_barang_harjul`, `d_jual_qty`, `d_jual_diskon`, `d_jual_total`) VALUES
(22, '051120000001', 'BR000003', 'GG Djaya', 'Bks', 10700, 12000, 1, 0, 12000),
(23, '051120000002', 'BR000006', 'GG Surya 12', 'Bks', 16300, 17500, 1, 0, 17500),
(24, '061120000001', 'BR000124', 'Frisan Flag Sachet Putih', 'Sachet', 1100, 1250, 12, 0, 15000),
(25, '061120000001', 'BR000122', 'Minyak Curah Malinda', 'Kilogram', 12700, 13200, 2, 0, 26400),
(26, '061120000002', 'BR000062', 'Indomie Goreng', 'PCS', 2296, 2400, 5, 0, 12000),
(27, '061120000002', 'BR000063', 'Indomie Goreng Ayam Geprek', 'PCS', 2321, 2400, 10, 0, 24000),
(28, '061120000002', 'BR000104', 'Tuton Super', 'Bks', 11350, 11500, 10, 0, 115000),
(29, '061120000002', 'BR000005', 'GG Filter', 'Bks', 16650, 17000, 1, 0, 17000),
(30, '061120000002', 'BR000007', 'GG Surya 16', 'Bks', 22100, 22500, 2, 0, 45000),
(31, '061120000003', 'BR000123', 'Telur Ayam', 'Gram', 20700, 22000, 1, 0, 22000),
(32, '061120000003', 'BR000003', 'GG Djaya', 'Bks', 10700, 11000, 10, 0, 110000),
(33, '061120000004', 'BR000141', 'Trigu Payung ', 'Kilogram', 5480, 6500, 1, 0, 6500),
(34, '061120000004', 'BR000165', 'Gula Pasir', 'Kilogram', 2875, 3125, 2, 0, 6250),
(35, '061120000004', 'BR000123', 'Telur Ayam', 'Kilogram', 5175, 5500, 2, 0, 11000),
(36, '061120000004', 'BR000168', 'Garam Halus', 'Buah', 900, 1500, 2, 0, 3000),
(37, '061120000004', 'BR000169', 'Kembang Pacar', 'Buah', 5000, 5500, 3, 0, 16500),
(38, '061120000005', 'BR000057', 'Super Mie', 'PCS', 2085, 2150, 240, 0, 516000),
(40, '061120000005', 'BR000130', 'Kecap Sedap Pouch 220 ml', 'PCS', 7459, 8000, 5, 0, 40000),
(41, '061120000005', 'BR000157', 'Sasa 10000', 'Biji', 8600, 9000, 1, 0, 9000),
(42, '061120000006', 'BR000173', 'Tabung Elpiji 3 Kg', 'Buah', 14500, 17000, 3, 0, 51000),
(43, '061120000006', 'BR000104', 'Tuton Super', 'Bks', 11350, 11500, 22, 0, 253000),
(45, '061120000006', 'BR000122', 'Minyak Curah Malinda', 'Kilogram', 3175, 3300, 12, 0, 39600),
(46, '061120000006', 'BR000174', 'Chokolatos', 'Box', 9833, 10500, 1, 0, 10500),
(47, '061120000006', 'BR000106', 'Kapal Api Mix', 'Sachet', 996, 1050, 10, 0, 10500),
(48, '061120000006', 'BR000165', 'Gula Pasir', 'Kilogram', 2875, 3125, 4, 0, 12500),
(49, '061120000006', 'BR000141', 'Trigu Payung ', 'Kilogram', 2740, 1500, 12, 0, 18000),
(50, '061120000006', 'BR000035', 'Agro Gelas', 'Unit', 270, 292, 240, 0, 70080),
(51, '061120000007', 'BR000141', 'Trigu Payung ', 'Kilogram', 2740, 1500, 4, 0, 6000),
(52, '061120000007', 'BR000122', 'Minyak Curah Malinda', 'Kilogram', 3175, 3300, 8, 0, 26400),
(53, '061120000007', 'BR000123', 'Telur Ayam', 'Kilogram', 5175, 5750, 1, 0, 5750),
(54, '061120000007', 'BR000009', 'GG Surya Pro Internasional', 'Bks', 18600, 19500, 1, 0, 19500),
(55, '061120000007', 'BR000015', 'Sampurna A Mild 16', 'Bks', 22150, 24000, 1, 0, 24000),
(56, '061120000007', 'BR000106', 'Kapal Api Mix', 'Sachet', 996, 1250, 20, 0, 25000),
(58, '061120000007', 'BR000128', 'Susu Jahe', 'Sachet', 1192, 1500, 5, 0, 7500),
(59, '061120000007', 'BR000057', 'Super Mie', 'PCS', 2085, 2250, 3, 0, 6750),
(60, '061120000007', 'BR000062', 'Indomie Goreng', 'PCS', 2296, 2500, 3, 0, 7500),
(61, '061120000008', 'BR000097', 'SC Ekonomi 500 ', 'Biji', 1740, 1900, 10, 0, 19000),
(62, '061120000008', 'BR000006', 'GG Surya 12', 'Bks', 16300, 16500, 3, 0, 49500),
(63, '061120000008', 'BR000005', 'GG Filter', 'Bks', 16650, 17000, 5, 0, 85000),
(64, '061120000008', 'BR000079', 'Signature', 'Bks', 15450, 15700, 1, 0, 15700),
(65, '061120000008', 'BR000017', 'Samsu 12', 'Bks', 15900, 16200, 1, 0, 16200),
(66, '061120000009', 'BR000015', 'Sampurna A Mild 16', 'Bks', 22150, 22500, 2, 0, 45000),
(67, '061120000009', 'BR000123', 'Telur Ayam', 'Kilogram', 5175, 5500, 4, 0, 22000),
(68, '061120000011', 'BR000170', 'Beras', 'Kilogram', 8800, 9000, 25, 0, 225000),
(69, '061120000011', 'BR000005', 'GG Filter', 'Bks', 16650, 17000, 3, 0, 51000),
(70, '061120000011', 'BR000008', 'GG Surya Pro Mild', 'Bks', 18600, 18900, 1, 0, 18900),
(71, '061120000011', 'BR000017', 'Samsu 12', 'Bks', 15900, 16200, 1, 0, 16200),
(72, '061120000011', 'BR000104', 'Tuton Super', 'Bks', 11350, 11500, 2, 0, 23000),
(73, '061120000011', 'BR000173', 'Tabung Elpiji 3 Kg', 'Buah', 14500, 17000, 2, 0, 34000),
(74, '061120000011', 'BR000052', 'Teh Pucuk Botol', 'Botol', 2166, 2250, 1, 0, 2250),
(75, '061120000012', 'BR000170', 'Beras', 'Kilogram', 8800, 9000, 25, 0, 225000),
(76, '061120000012', 'BR000104', 'Tuton Super', 'Bks', 11350, 11500, 3, 0, 34500),
(77, '061120000013', 'BR000170', 'Beras', 'Kilogram', 8800, 9500, 2, 0, 19000),
(79, '061120000013', 'BR000097', 'SC Ekonomi 500 ', 'Biji', 1740, 2000, 1, 0, 2000),
(80, '061120000013', 'BR000173', 'Tabung Elpiji 3 Kg', 'Buah', 14500, 18000, 4, 0, 72000),
(81, '061120000013', 'BR000032', 'Aqua 1500 ML Besar', 'Botol', 4333, 5000, 1, 0, 5000),
(82, '061120000013', 'BR000031', 'VIT 600 ML Tanggung', 'Botol', 1363, 2500, 3, 0, 7500),
(83, '061120000013', 'BR000037', 'Zam 600 ML Sedang', 'Botol', 1166, 2000, 2, 0, 4000),
(84, '061120000014', 'BR000170', 'Beras', 'Kilogram', 8800, 9000, 25, 0, 225000),
(85, '061120000014', 'BR000166', 'Antor', 'Biji', 10000, 10500, 1, 0, 10500),
(86, '061120000014', 'BR000123', 'Telur Ayam', 'Kilogram', 5175, 5500, 4, 0, 22000),
(87, '061120000014', 'BR000200', 'Indocafe mix', 'Sachet', 1080, 1150, 10, 0, 11500),
(88, '061120000014', 'BR000173', 'Tabung Elpiji 3 Kg', 'Buah', 14500, 17000, 1, 0, 17000),
(89, '061120000015', 'BR000247', 'Tepung Beras Rose', 'PCS', 5600, 7000, 1, 0, 7000),
(90, '061120000015', 'BR000212', 'Sunligt 5000', 'PCS', 4300, 4500, 1, 0, 4500),
(91, '061120000015', 'BR000165', 'Gula Pasir', 'Kilogram', 2875, 3125, 2, 0, 6250),
(92, '061120000015', 'BR000079', 'Signature', 'Bks', 15450, 15700, 2, 0, 31400),
(93, '061120000015', 'BR000232', 'Kertas Nasi Hebat Besar', 'Buah', 18600, 20000, 1, 0, 20000),
(94, '061120000015', 'BR000235', 'Plastik Metro', 'Buah', 3600, 5000, 2, 0, 10000),
(95, '061120000017', 'BR000025', 'Dunhil Hitam 16', 'Bks', 21600, 21900, 1, 0, 21900),
(96, '071120000001', 'BR000002', 'GG Sriwedari ', 'Bks', 10650, 10800, 10, 0, 108000),
(97, '071120000001', 'BR000079', 'Signature', 'Bks', 15450, 15700, 5, 0, 78500),
(98, '071120000001', 'BR000005', 'GG Filter', 'Bks', 16650, 17000, 4, 0, 68000),
(99, '071120000001', 'BR000007', 'GG Surya 16', 'Bks', 22100, 22500, 4, 0, 90000),
(100, '071120000001', 'BR000062', 'Indomie Goreng', 'PCS', 2296, 2400, 10, 0, 24000),
(101, '071120000001', 'BR000069', 'Mie Sedap Goreng', 'PCS', 2250, 2400, 10, 0, 24000),
(102, '071120000001', 'BR000106', 'Kapal Api Mix', 'Sachet', 996, 1050, 20, 0, 21000),
(103, '071120000001', 'BR000111', 'White Coffee Luwak ', 'Sachet', 980, 1050, 10, 0, 10500),
(104, '071120000002', 'BR000002', 'GG Sriwedari ', 'Bks', 10650, 10800, 1, 0, 10800),
(105, '071120000002', 'BR000106', 'Kapal Api Mix', 'Sachet', 996, 1050, 2, 0, 2100),
(106, '071120000003', 'BR000122', 'Minyak Curah Malinda', 'Kilogram', 3175, 3300, 20, 0, 66000),
(107, '071120000003', 'BR000173', 'Tabung Elpiji 3 Kg', 'Buah', 14500, 17000, 2, 0, 34000),
(108, '071120000003', 'BR000248', 'Tepung Padi', 'PCS', 2500, 2750, 2, 0, 5500),
(109, '071120000003', 'BR000129', 'Kecap Sedap Pouch 63 ml', 'PCS', 1458, 1750, 5, 0, 8750),
(110, '071120000003', 'BR000104', 'Tuton Super', 'Bks', 11350, 11500, 5, 0, 57500),
(111, '071120000003', 'BR000142', 'Teh Gopek Kunng', 'Bks', 5500, 5750, 2, 0, 11500),
(112, '071120000003', 'BR000250', 'Liquid', 'Sachet', 375, 417, 24, 0, 10008),
(113, '071120000003', 'BR000106', 'Kapal Api Mix', 'Sachet', 996, 1050, 10, 0, 10500),
(114, '071120000003', 'BR000042', 'Teh Zegar', 'Unit', 750, 792, 24, 0, 19008),
(115, '071120000003', 'BR000040', 'Teler', 'Unit', 771, 813, 24, 0, 19512),
(116, '071120000003', 'BR000141', 'Trigu Payung ', 'Kilogram', 2740, 1500, 16, 0, 24000),
(117, '071120000003', 'BR000151', 'Masako Ayam', 'Sachet', 366, 417, 12, 0, 5004),
(118, '071120000003', 'BR000002', 'GG Sriwedari ', 'Bks', 10650, 10800, 4, 0, 43200),
(119, '071120000003', 'BR000107', 'Kopi ABC Susu ', 'Sachet', 997, 1050, 10, 0, 10500),
(120, '071120000004', 'BR000033', 'Aqua 600 ML Sedang', 'Botol', 1860, 2500, 2, 0, 5000),
(121, '071120000004', 'BR000034', 'VIT 200 ML Kecil', 'Botol', 770, 1500, 1, 0, 1500),
(122, '071120000004', 'BR000064', 'Indomie Seblak Hot', 'PCS', 2321, 2500, 2, 0, 5000),
(123, '071120000004', 'BR000059', 'Indomie Soto', 'PCS', 2190, 2300, 1, 0, 2300),
(124, '071120000005', 'BR000040', 'Teler', 'Unit', 771, 813, 24, 0, 19512),
(125, '071120000005', 'BR000123', 'Telur Ayam', 'Kilogram', 5175, 5500, 2, 0, 11000),
(126, '071120000005', 'BR000097', 'SC Ekonomi 500 ', 'Biji', 1740, 1900, 5, 0, 9500),
(127, '071120000005', 'BR000122', 'Minyak Curah Malinda', 'Kilogram', 3175, 3300, 6, 0, 19800),
(128, '071120000006', 'BR000170', 'Beras', 'Kilogram', 8800, 9000, 48, 0, 432000),
(129, '071120000007', 'BR000231', 'AQua Galon', 'Botol', 16700, 19000, 1, 0, 19000),
(133, '201120000001', 'BR000057', 'Super Mie', 'PCS', 2085, 2250, 2, 0, 4500),
(134, '201120000002', 'BR040702', 'Celana Jins', 'Unit', 22222, 2222, 1, 0, 2222),
(135, '201120000003', 'BR040701', 'Baju Tidur', 'Kotak', 9999, 7889, 1, 0, 7889),
(136, '211120000004', 'BR040701', 'Baju Tidur', 'Kotak', 9999, 3000, 194, 5, 581030),
(137, '211120000005', 'BR040701', 'Baju Tidur', 'Kotak', 9999, 3000, 1, 0, 3000),
(138, '211120000006', 'BR000003', 'GG Djaya', 'Bks', 10700, 2250, 30, 0, 67500),
(139, '211120000006', 'BR040701', 'Baju Tidur', 'Kotak', 9999, 3000, 8, 0, 24000),
(140, '211120000007', 'BR040701', 'Baju Tidur', 'Kotak', 9999, 3000, 8, 0, 24000),
(141, '211120000007', 'BR040702', 'Celana Jins', 'Unit', 22222, 2222, 3, 0, 6666),
(142, '231120000001', 'BR040701', 'Baju Tidur', 'Kotak', 9999, 3000, 2, 0, 6000),
(143, '231120000002', 'BR040701', 'Baju Tidur', 'Kotak', 9999, 3000, 1, 0, 3000),
(144, '231120000003', 'BR040701', 'Baju Tidur', 'Kotak', 9999, 7889, 1, 0, 7889),
(145, '231120000004', 'BR040701', 'Baju Tidur', 'Kotak', 9999, 3000, 1, 0, 3000),
(146, '231120000005', 'BR000059', 'Indomie Soto', 'PCS', 2190, 2250, 1, 0, 2250),
(147, '231120000006', 'BR040701', 'Baju Tidur', 'Kotak', 9999, 3000, 1, 0, 3000),
(148, '241120000001', 'BR000003', 'GG Djaya', 'Bks', 10700, 2250, 1, 0, 2250),
(149, '241120000002', 'BR040701', 'Baju Tidur', 'Kotak', 9999, 7889, 6, 0, 47334),
(150, '241120000002', 'BR040702', 'Celana Jins', 'Unit', 22222, 222, 2, 0, 444),
(151, '241120000003', 'BR040701', 'Baju Tidur', 'Kotak', 9999, 3000, 2, 0, 6000),
(152, '241120000004', 'BR000058', 'Sarimi', 'PCS', 2085, 2250, 1, 0, 2250),
(153, '241120000004', 'BR000059', 'Indomie Soto', 'PCS', 2190, 2300, 1, 0, 2300),
(154, '241120000004', 'BR040701', 'Baju Tidur', 'Kotak', 9999, 3000, 1, 0, 3000),
(155, '241120000004', 'BR040702', 'Celana Jins', 'Unit', 22222, 2222, 1, 0, 2222),
(156, '241120000004', 'BR000057', 'Super Mie', 'PCS', 2085, 2250, 5, 0, 11250),
(157, '241120000004', 'BR000003', 'GG Djaya', 'Bks', 10700, 7000, 1, 0, 7000),
(158, '241120000005', 'BR000057', 'Super Mie', 'PCS', 2085, 2250, 1, 0, 2250),
(159, '241120000005', 'BR000059', 'Indomie Soto', 'PCS', 2190, 2300, 1, 0, 2300),
(160, '241120000005', 'BR000060', 'Indomie Spc Ayam', 'PCS', 2190, 2300, 1, 0, 2300),
(161, '241120000005', 'BR040702', 'Celana Jins', 'Unit', 22222, 2222, 1, 0, 2222),
(162, '261120000001', 'BR040701', 'Baju Tidur', 'Kotak', 9999, 3000, 106, 90, 308460),
(163, '261120000002', 'BR040703', 'Printer', 'Kotak', 8000000, 8500000, 1, 0, 8500000),
(164, '261120000002', 'BR040704', 'henbody', 'Unit', 9000, 9000, 1, 0, 9000),
(165, '261120000003', 'BR040703', 'Printer', 'Kotak', 8000000, 8500000, 1, 0, 8500000),
(166, '261120000003', 'BR040701', 'Baju Tidur', 'Kotak', 9999, 3000, 1, 0, 3000),
(167, '261120000004', 'BR040703', 'Printer', 'Kotak', 8000000, 8500000, 5, 0, 42500000),
(168, '261120000004', 'BR040704', 'henbody', 'Unit', 9000, 9000, 3, 0, 27000),
(169, '261120000006', 'BR040703', 'Printer', 'Kotak', 8000000, 8500000, 1, 0, 8500000),
(170, '261120000006', 'BR040704', 'henbody', 'Unit', 9000, 9000, 3, 0, 27000),
(171, '261120000007', 'BR040705', 'scanner', 'Unit', 10000, 2000000, 1, 0, 2000000),
(172, '271120000001', 'BR040704', 'henbody', 'Unit', 9000, 9000, 2, 0, 18000),
(173, '271120000002', 'BR040704', 'henbody', 'Unit', 9000, 9000, 3, 0, 27000),
(174, '271120000002', 'BR040705', 'scanner', 'Unit', 10000, 10000000, 2, 0, 20000000),
(175, '271120000003', 'BR040705', 'scanner', 'Unit', 10000, 10000000, 1, 0, 10000000),
(176, '271120000003', 'BR040704', 'henbody', 'Unit', 9000, 9000, 1, 0, 9000),
(177, '271120000003', 'BR040703', 'Printer', 'Kotak', 8000000, 8500000, 1, 0, 8500000),
(178, '271120000004', 'BR040705', 'scanner', 'Unit', 10000, 10000000, 1, 0, 10000000),
(179, '271120000004', 'BR040703', 'Printer', 'Kotak', 8000000, 8500000, 1, 0, 8500000),
(180, '271120000004', 'BR040704', 'henbody', 'Unit', 9000, 9000, 1, 0, 9000),
(181, '271120000004', 'BR000057', 'Super Mie', 'PCS', 2085, 2250, 1, 0, 2250),
(182, '271120000004', 'BR000058', 'Sarimi', 'PCS', 2085, 2250, 1, 0, 2250),
(183, '271120000004', 'BR000060', 'Indomie Spc Ayam', 'PCS', 2190, 2300, 1, 0, 2300),
(184, '271120000004', 'BR040701', 'Baju Tidur', 'Kotak', 9999, 3000, 1, 0, 3000),
(185, '271120000004', 'BR040702', 'Celana Jins', 'Unit', 22222, 2222, 1, 0, 2222),
(186, '271120000005', 'BR040705', 'scanner', 'Unit', 10000, 2000000, 1, 0, 2000000),
(187, '271120000005', 'BR040704', 'henbody', 'Unit', 9000, 90000, 1, 0, 90000),
(188, '271120000005', 'BR040703', 'Printer', 'Kotak', 8000000, 8200000, 1, 0, 8200000),
(189, '271120000005', 'BR000057', 'Super Mie', 'PCS', 2085, 2150, 1, 0, 2150),
(190, '271120000005', 'BR000058', 'Sarimi', 'PCS', 2085, 2150, 1, 0, 2150),
(191, '271120000005', 'BR000060', 'Indomie Spc Ayam', 'PCS', 2190, 2250, 1, 0, 2250),
(192, '271120000005', 'BR040701', 'Baju Tidur', 'Kotak', 9999, 7889, 1, 0, 7889),
(193, '271120000005', 'BR040702', 'Celana Jins', 'Unit', 22222, 222, 1, 0, 222),
(194, '271120000006', 'BR040705', 'scanner', 'Unit', 10000, 10000000, 1, 0, 10000000),
(195, '271120000006', 'BR040704', 'henbody', 'Unit', 9000, 9000, 1, 0, 9000),
(196, '271120000007', 'BR040705', 'scanner', 'Unit', 10000, 2000000, 1, 0, 2000000),
(197, '271120000007', 'BR040704', 'henbody', 'Unit', 9000, 90000, 1, 0, 90000),
(198, '271120000008', 'BR040705', 'scanner', 'Unit', 10000, 10000000, 1, 0, 10000000),
(199, '271120000008', 'BR040704', 'henbody', 'Unit', 9000, 9000, 1, 0, 9000),
(200, '271120000009', 'BR000057', 'Super Mie', 'PCS', 2085, 2250, 1, 0, 2250),
(201, '271120000009', 'BR000058', 'Sarimi', 'PCS', 2085, 2250, 1, 0, 2250),
(202, '271120000010', 'BR000057', 'Super Mie', 'PCS', 2085, 2250, 1, 0, 2250),
(203, '271120000010', 'BR000058', 'Sarimi', 'PCS', 2085, 2250, 1, 0, 2250),
(204, '271120000011', 'BR000057', 'Super Mie', 'PCS', 2085, 2250, 1, 0, 2250),
(205, '271120000012', 'BR000057', 'Super Mie', 'PCS', 2085, 2250, 1, 0, 2250),
(206, '271120000013', 'BR000057', 'Super Mie', 'PCS', 2085, 2250, 1, 0, 2250);

-- --------------------------------------------------------

--
-- Struktur dari tabel `tbl_jual`
--

CREATE TABLE `tbl_jual` (
  `jual_nofak` varchar(15) NOT NULL,
  `jual_tanggal` timestamp NULL DEFAULT CURRENT_TIMESTAMP,
  `jual_total` double DEFAULT NULL,
  `jual_jml_uang` double DEFAULT NULL,
  `jual_kembalian` double DEFAULT NULL,
  `jual_user_id` int(11) DEFAULT NULL,
  `jual_keterangan` varchar(20) DEFAULT NULL
) ENGINE=InnoDB DEFAULT CHARSET=latin1;

--
-- Dumping data untuk tabel `tbl_jual`
--

INSERT INTO `tbl_jual` (`jual_nofak`, `jual_tanggal`, `jual_total`, `jual_jml_uang`, `jual_kembalian`, `jual_user_id`, `jual_keterangan`) VALUES
('051120000001', '2020-11-05 14:36:47', 12000, 12000, 0, 1, 'eceran'),
('051120000002', '2020-11-05 15:57:27', 17500, 50000, 32500, 1, 'eceran'),
('061120000001', '2020-11-06 00:27:33', 41400, 41400, 0, 1, 'grosir'),
('061120000002', '2020-11-06 00:40:00', 213000, 215000, 2000, 1, 'grosir'),
('061120000003', '2020-11-06 01:05:53', 132000, 132000, 0, 1, 'grosir'),
('061120000004', '2020-11-06 04:34:18', 43250, 50000, 6750, 1, 'grosir'),
('061120000005', '2020-11-06 04:41:25', 1213000, 1213000, 0, 1, 'grosir'),
('061120000006', '2020-11-06 06:31:00', 681180, 870000, 188820, 1, 'grosir'),
('061120000007', '2020-11-06 07:17:00', 328400, 328400, 0, 1, 'eceran'),
('061120000008', '2020-11-06 07:24:34', 185400, 185400, 0, 1, 'grosir'),
('061120000009', '2020-11-06 08:13:24', 67000, 67000, 0, 1, 'grosir'),
('061120000010', '2020-11-06 08:16:19', 67000, 67000, 0, 1, 'grosir'),
('061120000011', '2020-11-06 15:40:21', 370350, 375000, 4650, 1, 'grosir'),
('061120000012', '2020-11-06 15:43:27', 259500, 260000, 500, 1, 'grosir'),
('061120000013', '2020-11-06 15:57:32', 147500, 147500, 0, 1, 'eceran'),
('061120000014', '2020-11-06 16:11:25', 286000, 300000, 14000, 1, 'grosir'),
('061120000015', '2020-11-06 16:21:53', 79150, 80000, 850, 1, 'grosir'),
('061120000016', '2020-11-06 16:22:10', 79150, 80000, 850, 1, 'grosir'),
('061120000017', '2020-11-06 16:25:22', 21900, 22000, 100, 1, 'grosir'),
('071120000001', '2020-11-06 23:52:20', 424000, 450000, 26000, 1, 'grosir'),
('071120000002', '2020-11-06 23:57:53', 12900, 13000, 100, 1, 'grosir'),
('071120000003', '2020-11-07 00:27:24', 324982, 400000, 75018, 1, 'grosir'),
('071120000004', '2020-11-07 01:16:19', 13800, 13800, 0, 1, 'grosir'),
('071120000005', '2020-11-07 01:19:06', 59812, 60000, 188, 1, 'grosir'),
('071120000006', '2020-11-07 03:08:50', 432000, 450000, 18000, 1, 'grosir'),
('071120000007', '2020-11-07 03:10:06', 19000, 20000, 1000, 1, 'eceran'),
('071120000008', '2020-11-07 03:10:54', 19000, 20000, 1000, 1, 'eceran'),
('201120000001', '2020-11-20 18:13:00', 4500, 9204, 4704, 1, 'eceran'),
('201120000002', '2020-11-20 18:13:31', 2222, 80000, 77778, 1, 'eceran'),
('201120000003', '2020-11-20 18:15:14', 7889, 8000, 111, 1, 'grosir'),
('211120000004', '2020-11-21 07:04:25', 581030, 700000, 118970, 1, 'eceran'),
('211120000005', '2020-11-21 08:11:39', 3000, 8000, 5000, 1, 'eceran'),
('211120000006', '2020-11-21 08:14:39', 91500, 100000, 8500, 1, 'eceran'),
('211120000007', '2020-11-21 08:15:37', 30666, 40000, 9334, 1, 'eceran'),
('231120000001', '2020-11-23 14:17:38', 6000, 100000, 94000, 1, 'eceran'),
('231120000002', '2020-11-23 14:18:11', 3000, 8000, 5000, 1, 'eceran'),
('231120000003', '2020-11-23 14:20:11', 7889, 8000, 111, 1, 'grosir'),
('231120000004', '2020-11-23 14:20:38', 3000, 100000, 97000, 1, 'eceran'),
('231120000005', '2020-11-23 14:21:23', 2250, 8000, 5750, 1, 'grosir'),
('231120000006', '2020-11-23 14:21:24', 3000, 100000, 97000, 1, 'eceran'),
('241120000001', '2020-11-24 02:13:28', 2250, 9000, 6750, 1, 'eceran'),
('241120000002', '2020-11-24 10:14:41', 47778, 50000, 2222, 1, 'grosir'),
('241120000003', '2020-11-24 10:31:40', 6000, 9000, 3000, 1, 'eceran'),
('241120000004', '2020-11-24 10:57:23', 28022, 100000, 71978, 1, 'eceran'),
('241120000005', '2020-11-24 13:16:54', 9072, 10000, 928, 1, 'eceran'),
('261120000001', '2020-11-26 06:37:17', 308460, 800000, 491540, 2, 'eceran'),
('261120000002', '2020-11-26 14:03:03', 8509000, 9000000, 491000, 1, 'eceran'),
('261120000003', '2020-11-26 14:17:33', 8503000, 9000000, 497000, 1, 'eceran'),
('261120000004', '2020-11-26 16:00:14', 42527000, 90000000, 47473000, 1, 'eceran'),
('261120000005', '2020-11-26 16:01:33', 42527000, 90000000, 47473000, 1, 'eceran'),
('261120000006', '2020-11-26 16:02:14', 8527000, 10000000, 1473000, 1, 'eceran'),
('261120000007', '2020-11-26 16:07:37', 2000000, 9000000, 7000000, 1, 'grosir'),
('271120000001', '2020-11-27 02:43:55', 18000, 20000, 2000, 1, 'eceran'),
('271120000002', '2020-11-27 11:15:09', 20027000, 25000000, 4973000, 1, 'eceran'),
('271120000003', '2020-11-27 11:48:27', 18509000, 20000000, 1491000, 2, 'eceran'),
('271120000004', '2020-11-27 13:45:51', 18521022, 20000000, 1478978, 2, 'eceran'),
('271120000005', '2020-11-27 15:15:25', 10304661, 20000000, 9695339, 2, 'grosir'),
('271120000006', '2020-11-27 15:33:44', 10009000, 11000000, 991000, 1, 'eceran'),
('271120000007', '2020-11-27 15:38:20', 2090000, 3000000, 910000, 2, 'grosir'),
('271120000008', '2020-11-27 15:47:15', 10009000, 20000000, 9991000, 1, 'eceran'),
('271120000009', '2020-11-27 15:51:09', 4500, 10000, 5500, 1, 'eceran'),
('271120000010', '2020-11-27 15:56:02', 4500, 5000, 500, 2, 'eceran'),
('271120000011', '2020-11-27 15:57:47', 2250, 3000, 750, 2, 'eceran'),
('271120000012', '2020-11-27 15:58:48', 2250, 3000, 750, 2, 'eceran'),
('271120000013', '2020-11-27 16:04:24', 2250, 4000, 1750, 1, 'eceran');

-- --------------------------------------------------------

--
-- Struktur dari tabel `tbl_kategori`
--

CREATE TABLE `tbl_kategori` (
  `kategori_id` int(11) NOT NULL,
  `kategori_nama` varchar(35) DEFAULT NULL
) ENGINE=InnoDB DEFAULT CHARSET=latin1;

--
-- Dumping data untuk tabel `tbl_kategori`
--

INSERT INTO `tbl_kategori` (`kategori_id`, `kategori_nama`) VALUES
(42, 'Sembako'),
(43, 'Alat & Bahan Tulis'),
(44, 'Bumbu Dapur'),
(45, 'Rokok'),
(47, 'Makanan & Minuman'),
(48, 'Obat-Obatan'),
(51, 'Kebutuhan Rumah Tangga');

-- --------------------------------------------------------

--
-- Struktur dari tabel `tbl_retur`
--

CREATE TABLE `tbl_retur` (
  `retur_id` int(11) NOT NULL,
  `retur_tanggal` timestamp NULL DEFAULT CURRENT_TIMESTAMP,
  `retur_barang_id` varchar(15) DEFAULT NULL,
  `retur_barang_nama` varchar(150) DEFAULT NULL,
  `retur_barang_satuan` varchar(30) DEFAULT NULL,
  `retur_harjul` double DEFAULT NULL,
  `retur_qty` int(11) DEFAULT NULL,
  `retur_subtotal` double DEFAULT NULL,
  `retur_keterangan` varchar(150) DEFAULT NULL
) ENGINE=InnoDB DEFAULT CHARSET=latin1;

-- --------------------------------------------------------

--
-- Struktur dari tabel `tbl_suplier`
--

CREATE TABLE `tbl_suplier` (
  `suplier_id` int(11) NOT NULL,
  `suplier_nama` varchar(35) DEFAULT NULL,
  `suplier_alamat` varchar(60) DEFAULT NULL,
  `suplier_notelp` varchar(20) DEFAULT NULL,
  `suplier_namabarang` varchar(200) DEFAULT NULL,
  `suplier_tanggal_pembelian` varchar(200) DEFAULT NULL,
  `suplier_utang` varchar(200) DEFAULT NULL,
  `suplier_jatuh_tempo` varchar(200) DEFAULT NULL
) ENGINE=InnoDB DEFAULT CHARSET=latin1;

--
-- Dumping data untuk tabel `tbl_suplier`
--

INSERT INTO `tbl_suplier` (`suplier_id`, `suplier_nama`, `suplier_alamat`, `suplier_notelp`, `suplier_namabarang`, `suplier_tanggal_pembelian`, `suplier_utang`, `suplier_jatuh_tempo`) VALUES
(1, 'Pt Agrusi', 'Pagerbarang', '0877', 'Tabung Elpiji 3 kg', '2020-11-06', '0', '2020-11-06'),
(2, 'JJ Anjat', 'Slawi', '0877', 'GG Sriwedari', '2020-11-06', '0', '2020-11-06'),
(3, 'PT So Good Food', 'Tegal', '(024) 8661970', 'Sosis', '2020-11-06', '543312', '2020-11-20'),
(4, 'Indomarko Adi Prima (mie)', 'JL Sudirman Kav 76-78 Setiabudi Jaksel', '0877', 'Super mie ', '2020-11-06', '894355', '2020-11-19'),
(5, 'Apeng', 'Slawi Wetan', '085225541797', 'Beras', '2020-11-06', '0', '2020-11-06'),
(6, 'Berkah', 'Slawi', '0832', 'telur', '2020-11-07', '0', '2020-11-07'),
(7, 'Berkah', 'Slawi', '0832', 'telur', '2020-11-07', '0', '2020-11-07');

-- --------------------------------------------------------

--
-- Struktur dari tabel `tbl_user`
--

CREATE TABLE `tbl_user` (
  `user_id` int(11) NOT NULL,
  `user_nama` varchar(35) DEFAULT NULL,
  `user_username` varchar(30) DEFAULT NULL,
  `user_password` varchar(35) DEFAULT NULL,
  `user_level` varchar(2) DEFAULT NULL,
  `user_status` varchar(2) DEFAULT '1'
) ENGINE=InnoDB DEFAULT CHARSET=latin1;

--
-- Dumping data untuk tabel `tbl_user`
--

INSERT INTO `tbl_user` (`user_id`, `user_nama`, `user_username`, `user_password`, `user_level`, `user_status`) VALUES
(1, 'admin', 'admin@admin.id', '21232f297a57a5a743894a0e4a801fc3', '1', '1'),
(2, 'kasir', 'kasir@kasir.id', 'c7911af3adbd12a035b289556d96470a', '2', '1'),
(7, 'gudang', 'gudang@gudang.id', '202446dd1d6028084426867365b0c7a1', '3', '1'),
(8, 'pimpinan', 'pimpinan@pimpinan.id', '90973652b88fe07d05a4304f0a945de8', '4', '1');

--
-- Indexes for dumped tables
--

--
-- Indeks untuk tabel `ci_sessions`
--
ALTER TABLE `ci_sessions`
  ADD PRIMARY KEY (`session_id`),
  ADD KEY `last_activity_idx` (`last_activity`);

--
-- Indeks untuk tabel `tbl_barang`
--
ALTER TABLE `tbl_barang`
  ADD PRIMARY KEY (`barang_id`),
  ADD KEY `barang_user_id` (`barang_user_id`),
  ADD KEY `barang_kategori_id` (`barang_kategori_id`);

--
-- Indeks untuk tabel `tbl_beli`
--
ALTER TABLE `tbl_beli`
  ADD PRIMARY KEY (`beli_kode`),
  ADD KEY `beli_user_id` (`beli_user_id`),
  ADD KEY `beli_suplier_id` (`beli_suplier_id`),
  ADD KEY `beli_id` (`beli_kode`);

--
-- Indeks untuk tabel `tbl_detail_beli`
--
ALTER TABLE `tbl_detail_beli`
  ADD PRIMARY KEY (`d_beli_id`),
  ADD KEY `d_beli_barang_id` (`d_beli_barang_id`),
  ADD KEY `d_beli_nofak` (`d_beli_nofak`),
  ADD KEY `d_beli_kode` (`d_beli_kode`);

--
-- Indeks untuk tabel `tbl_detail_jual`
--
ALTER TABLE `tbl_detail_jual`
  ADD PRIMARY KEY (`d_jual_id`),
  ADD KEY `d_jual_barang_id` (`d_jual_barang_id`),
  ADD KEY `d_jual_nofak` (`d_jual_nofak`);

--
-- Indeks untuk tabel `tbl_jual`
--
ALTER TABLE `tbl_jual`
  ADD PRIMARY KEY (`jual_nofak`),
  ADD KEY `jual_user_id` (`jual_user_id`);

--
-- Indeks untuk tabel `tbl_kategori`
--
ALTER TABLE `tbl_kategori`
  ADD PRIMARY KEY (`kategori_id`);

--
-- Indeks untuk tabel `tbl_retur`
--
ALTER TABLE `tbl_retur`
  ADD PRIMARY KEY (`retur_id`);

--
-- Indeks untuk tabel `tbl_suplier`
--
ALTER TABLE `tbl_suplier`
  ADD PRIMARY KEY (`suplier_id`);

--
-- Indeks untuk tabel `tbl_user`
--
ALTER TABLE `tbl_user`
  ADD PRIMARY KEY (`user_id`);

--
-- AUTO_INCREMENT untuk tabel yang dibuang
--

--
-- AUTO_INCREMENT untuk tabel `tbl_detail_beli`
--
ALTER TABLE `tbl_detail_beli`
  MODIFY `d_beli_id` int(11) NOT NULL AUTO_INCREMENT, AUTO_INCREMENT=18;

--
-- AUTO_INCREMENT untuk tabel `tbl_detail_jual`
--
ALTER TABLE `tbl_detail_jual`
  MODIFY `d_jual_id` int(11) NOT NULL AUTO_INCREMENT, AUTO_INCREMENT=207;

--
-- AUTO_INCREMENT untuk tabel `tbl_kategori`
--
ALTER TABLE `tbl_kategori`
  MODIFY `kategori_id` int(11) NOT NULL AUTO_INCREMENT, AUTO_INCREMENT=52;

--
-- AUTO_INCREMENT untuk tabel `tbl_retur`
--
ALTER TABLE `tbl_retur`
  MODIFY `retur_id` int(11) NOT NULL AUTO_INCREMENT;

--
-- AUTO_INCREMENT untuk tabel `tbl_suplier`
--
ALTER TABLE `tbl_suplier`
  MODIFY `suplier_id` int(11) NOT NULL AUTO_INCREMENT, AUTO_INCREMENT=8;

--
-- AUTO_INCREMENT untuk tabel `tbl_user`
--
ALTER TABLE `tbl_user`
  MODIFY `user_id` int(11) NOT NULL AUTO_INCREMENT, AUTO_INCREMENT=9;

--
-- Ketidakleluasaan untuk tabel pelimpahan (Dumped Tables)
--

--
-- Ketidakleluasaan untuk tabel `tbl_barang`
--
ALTER TABLE `tbl_barang`
  ADD CONSTRAINT `tbl_barang_ibfk_1` FOREIGN KEY (`barang_user_id`) REFERENCES `tbl_user` (`user_id`) ON UPDATE CASCADE,
  ADD CONSTRAINT `tbl_barang_ibfk_2` FOREIGN KEY (`barang_kategori_id`) REFERENCES `tbl_kategori` (`kategori_id`) ON UPDATE CASCADE;

--
-- Ketidakleluasaan untuk tabel `tbl_beli`
--
ALTER TABLE `tbl_beli`
  ADD CONSTRAINT `tbl_beli_ibfk_1` FOREIGN KEY (`beli_user_id`) REFERENCES `tbl_user` (`user_id`) ON UPDATE CASCADE,
  ADD CONSTRAINT `tbl_beli_ibfk_2` FOREIGN KEY (`beli_suplier_id`) REFERENCES `tbl_suplier` (`suplier_id`) ON UPDATE CASCADE;

--
-- Ketidakleluasaan untuk tabel `tbl_detail_beli`
--
ALTER TABLE `tbl_detail_beli`
  ADD CONSTRAINT `tbl_detail_beli_ibfk_1` FOREIGN KEY (`d_beli_barang_id`) REFERENCES `tbl_barang` (`barang_id`) ON UPDATE CASCADE,
  ADD CONSTRAINT `tbl_detail_beli_ibfk_2` FOREIGN KEY (`d_beli_kode`) REFERENCES `tbl_beli` (`beli_kode`) ON UPDATE CASCADE;

--
-- Ketidakleluasaan untuk tabel `tbl_detail_jual`
--
ALTER TABLE `tbl_detail_jual`
  ADD CONSTRAINT `tbl_detail_jual_ibfk_1` FOREIGN KEY (`d_jual_barang_id`) REFERENCES `tbl_barang` (`barang_id`) ON UPDATE CASCADE,
  ADD CONSTRAINT `tbl_detail_jual_ibfk_2` FOREIGN KEY (`d_jual_nofak`) REFERENCES `tbl_jual` (`jual_nofak`) ON UPDATE CASCADE;

--
-- Ketidakleluasaan untuk tabel `tbl_jual`
--
ALTER TABLE `tbl_jual`
  ADD CONSTRAINT `tbl_jual_ibfk_1` FOREIGN KEY (`jual_user_id`) REFERENCES `tbl_user` (`user_id`) ON UPDATE CASCADE;
COMMIT;

/*!40101 SET CHARACTER_SET_CLIENT=@OLD_CHARACTER_SET_CLIENT */;
/*!40101 SET CHARACTER_SET_RESULTS=@OLD_CHARACTER_SET_RESULTS */;
/*!40101 SET COLLATION_CONNECTION=@OLD_COLLATION_CONNECTION */;
